23:51:33,6433,28.9,48.0,134,1
23:51:35,8908,28.9,47.0,134,1
23:51:37,11084,28.9,47.0,134,1
23:51:40,13268,28.9,47.0,134,1
23:51:42,15444,28.9,47.0,144,1
23:51:44,17590,28.9,47.0,144,1
23:51:46,19714,28.9,47.0,134,1
23:51:48,22150,28.9,47.0,144,1
23:51:51,24225,28.9,47.0,144,1
23:51:53,26570,28.9,47.0,144,1
23:51:55,28715,28.9,47.0,142,1
23:51:57,30847,28.9,47.0,142,1
23:51:59,32908,28.9,47.0,142,1
23:52:02,35462,28.9,47.0,141,1
23:52:04,37534,28.9,47.0,140,1
23:52:06,39778,28.9,47.0,133,1
23:52:08,42219,28.9,47.0,138,1
23:52:11,44293,28.9,47.0,138,1
23:52:13,46534,28.9,47.0,133,1
23:52:15,48977,28.9,47.0,138,1
23:52:17,51061,28.9,47.0,138,1
23:52:20,53195,28.9,47.0,137,1
23:52:22,55735,28.9,47.0,137,1
23:52:24,57803,28.9,47.0,138,1
23:52:26,60050,28.9,47.0,132,1
23:52:29,62494,28.9,47.0,130,1
23:52:31,64562,28.9,47.0,137,1
23:52:33,66691,28.9,47.0,137,1
23:52:35,68878,28.9,47.0,137,1
23:52:37,70968,28.9,47.0,137,1
23:52:40,73170,28.9,47.0,130,1
23:52:42,75438,28.9,47.0,137,1
23:52:44,77547,28.9,47.0,137,1
23:52:46,79615,28.9,47.0,136,1
23:52:48,82157,28.9,47.0,136,1
23:52:50,84215,28.9,47.0,128,1
23:52:53,86274,28.9,47.0,136,1
23:52:55,88824,28.9,47.0,128,1
23:52:57,90881,28.9,47.0,136,1
23:52:59,92958,28.9,47.0,136,1
23:53:01,95075,28.9,47.0,128,1
23:53:04,97331,28.9,47.0,136,1
23:53:06,99769,28.9,47.0,136,1
23:53:08,101835,28.9,47.0,128,1
23:53:11,104190,28.9,47.0,135,1
23:53:13,106729,28.9,47.0,135,1
23:53:15,108798,28.9,47.0,135,1
23:53:17,111236,28.9,47.0,135,1
23:53:19,113297,28.9,47.0,127,1
23:53:22,115351,28.9,47.0,135,1
23:53:24,117598,28.9,47.0,127,1
23:53:26,120142,28.9,47.0,135,1
23:53:28,122233,28.9,47.0,135,1
23:53:31,124375,28.9,47.0,135,1
23:53:33,126798,28.9,47.0,134,1
23:53:35,128870,28.9,47.0,134,1
23:53:37,131117,28.9,47.0,126,1
23:53:40,133202,28.9,47.0,134,1
23:53:42,135448,28.9,47.0,126,1
23:53:44,137676,28.9,47.0,134,1
23:53:46,140117,28.9,47.0,134,1
23:53:49,142179,28.9,47.0,134,1
23:53:51,144616,28.9,47.0,134,1
23:53:53,147073,28.9,47.0,134,1
23:53:56,149138,28.9,47.0,126,1
23:53:58,151681,28.9,47.0,125,1
23:54:00,153786,28.9,47.0,125,1
23:54:02,155897,28.9,47.0,125,1
23:54:05,158016,28.9,47.0,133,1
23:54:07,160589,28.9,47.0,133,1
23:54:09,162653,28.9,47.0,125,1
23:54:12,165006,28.9,47.0,133,1
23:54:14,167552,28.9,47.0,133,1
23:54:16,169616,28.9,47.0,125,1
23:54:18,171676,28.9,47.0,133,1
23:54:20,173747,28.9,47.0,132,1
23:54:22,175873,28.9,47.0,132,1
23:54:24,177941,28.9,47.0,132,1
23:54:26,180007,28.9,47.0,124,1
23:54:28,182118,28.9,47.0,130,1
23:54:31,184359,28.9,47.0,124,1
23:54:33,186482,28.9,47.0,130,1
23:54:35,188625,28.9,47.0,130,1
23:54:37,190711,28.9,47.0,124,1
23:54:39,193150,28.9,47.0,130,1
23:54:42,195228,28.9,47.0,123,1
23:54:44,197656,28.9,47.0,130,1
23:54:46,199763,28.9,47.0,129,1
23:54:48,201888,28.9,47.0,129,1
23:54:51,204414,28.9,47.0,128,1
23:54:53,206490,28.9,47.0,129,1
23:54:55,208835,28.9,47.0,128,1
23:54:58,211377,28.9,47.0,128,1
23:55:00,213435,28.9,47.0,128,1
23:55:02,215586,28.9,47.0,128,1
23:55:04,217650,28.9,47.0,128,1
23:55:07,220388,28.9,47.0,128,1
23:55:09,222456,28.9,47.0,123,1
23:55:11,224895,28.9,47.0,128,1
23:55:13,226993,28.9,47.0,122,1
23:55:16,229208,28.9,47.0,123,1
23:55:18,231754,28.9,47.0,128,1
23:55:20,233824,28.9,47.0,128,1
23:55:22,236362,28.9,47.0,128,1
23:55:25,238423,28.9,47.0,122,1
23:55:27,240867,28.9,47.0,127,1
23:55:29,242929,28.9,47.0,122,1
23:55:31,245098,28.9,47.0,127,1
23:55:33,247166,28.9,47.0,127,1
23:55:36,249282,28.9,47.0,122,1
23:55:38,251722,28.9,47.0,127,1
23:55:40,253783,28.9,47.0,122,1
23:55:42,255933,28.9,48.0,127,1
23:55:45,258288,28.9,48.0,122,1
23:55:47,260541,28.9,48.0,121,1
23:55:49,262795,28.9,48.0,121,1
23:55:51,265253,28.9,48.0,121,1
23:55:54,267315,28.9,48.0,121,1
23:55:56,269554,28.9,48.0,122,1
23:55:58,272101,28.9,48.0,126,1
23:56:00,274175,28.9,48.0,127,1
23:56:02,276269,28.9,48.0,126,1
23:56:05,278364,28.9,48.0,126,1
23:56:07,280802,28.9,48.0,126,1
23:56:09,282874,28.9,48.0,126,1
23:56:12,285410,28.9,48.0,120,1
23:56:14,287470,28.9,48.0,120,1
23:56:16,289623,28.9,48.0,120,1
23:56:18,291701,28.9,48.0,120,1
23:56:21,294240,28.9,48.0,120,1
22:36:04,23996,30.2,39.0,190,1
22:36:06,28829,30.2,39.0,190,1
22:36:08,30898,30.2,39.0,183,1
22:36:13,32961,30.2,39.0,190,1
22:36:15,37866,30.2,39.0,183,1
22:36:17,39921,30.2,39.0,183,1
22:36:19,41976,30.2,39.0,189,1
22:36:21,44033,30.2,39.0,188,1
22:36:23,46089,30.2,39.0,188,1
22:36:25,48145,30.2,39.0,188,1
22:36:27,50209,30.2,39.0,187,1
22:36:30,52273,30.2,39.0,187,1
22:36:32,54351,30.2,39.0,187,1
22:36:34,56409,30.2,39.0,186,1
22:36:36,58466,30.2,39.0,186,1
22:36:38,60523,30.2,39.0,186,1
22:36:40,62581,30.2,39.0,186,1
22:36:42,64641,30.2,39.0,186,1
22:36:44,66715,30.2,39.0,186,1
22:36:46,68776,30.2,39.0,180,1
23:07:55,1933870,30.2,42.0,108,1
23:07:57,1939532,30.2,42.0,108,1
23:07:59,1941606,30.2,42.0,99,1
23:08:02,1944090,30.2,42.0,108,1
23:08:04,1946289,30.2,42.0,108,1
23:08:06,1948748,30.2,42.0,108,1
23:08:08,1950830,30.2,42.0,108,1
23:08:10,1952888,30.2,42.0,106,1
23:08:13,1955116,30.2,42.0,108,1
23:08:15,1957554,30.2,42.0,106,1
23:08:17,1959658,30.2,42.0,108,1
23:08:19,1961727,30.2,42.0,106,1
23:08:22,1963917,30.2,42.0,99,1
23:08:24,1966360,30.2,42.0,106,1
23:08:26,1968431,30.2,42.0,106,1
23:08:28,1970865,30.2,42.0,106,1
23:08:30,1972937,30.2,42.0,106,1
23:08:32,1975012,30.2,42.0,106,1
23:08:35,1977112,30.2,42.0,106,1
23:08:37,1979671,30.2,42.0,106,1
23:08:39,1981728,30.2,42.0,105,1
23:08:41,1983854,30.2,42.0,105,1
23:08:44,1986034,30.2,42.0,99,1
23:10:06,2065623,30.2,42.0,106,1
23:10:08,2070791,30.2,42.0,106,1
23:10:10,2072875,30.2,42.0,106,1
23:10:12,2074930,30.2,42.0,106,1
23:10:15,2076991,30.2,42.0,106,1
23:10:17,2079217,30.2,42.0,99,1
23:10:19,2081572,30.2,42.0,106,1
23:10:21,2083722,30.2,42.0,98,1
23:10:23,2085869,30.2,42.0,97,1
23:10:26,2087939,30.2,42.0,103,1
23:10:28,2090312,30.2,42.0,97,1
23:10:30,2092428,30.2,42.0,103,1
23:10:32,2094969,30.2,42.0,103,1
23:10:35,2097037,30.2,42.0,103,1
23:10:37,2099297,30.2,42.0,97,1
23:10:39,2101539,30.2,42.0,96,1
23:10:41,2104085,30.2,42.0,102,1
23:10:44,2106170,30.2,42.0,102,1
23:10:46,2108304,30.2,42.0,96,1
23:10:48,2110666,30.2,42.0,102,1
23:10:51,2113297,30.2,42.0,102,1
23:10:53,2115383,30.2,42.0,102,1
23:10:55,2117531,30.2,42.0,102,1
23:10:57,2119779,30.2,42.0,96,1
23:10:59,2121838,30.2,42.0,102,1
23:11:02,2124075,30.2,42.0,96,1
23:11:04,2126322,30.2,42.0,102,1
23:11:06,2128576,30.2,42.0,102,1
23:11:08,2130643,30.2,42.0,102,1
23:11:11,2132881,30.2,42.0,96,1
23:11:13,2135313,30.2,42.0,102,1
23:11:15,2137375,30.2,42.0,96,1
23:11:17,2139819,30.2,42.0,102,1
23:11:20,2141883,30.2,42.0,96,1
23:11:22,2144248,30.2,42.0,102,1
23:11:24,2146781,30.2,42.0,102,1
23:11:26,2148856,30.2,42.0,102,1
23:11:28,2151113,30.2,42.0,102,1
23:11:31,2153200,30.2,42.0,102,1
23:11:33,2155605,30.2,42.0,94,1
23:11:36,2158147,30.2,42.0,102,1
23:11:38,2160217,30.2,42.0,102,1
23:11:40,2162679,30.2,42.0,102,1
23:11:43,2165315,30.2,42.0,102,1
23:11:45,2167491,30.2,42.0,94,1
23:11:47,2169732,30.2,42.0,94,1
23:11:50,2172175,30.2,42.0,102,1
23:11:52,2174237,30.2,42.0,94,1
23:11:54,2176297,30.2,42.0,102,1
23:11:56,2178933,30.2,42.0,102,1
23:11:58,2181052,30.2,42.0,102,1
23:12:01,2183156,30.2,42.0,102,1
23:12:03,2185219,30.2,42.0,102,1
23:12:05,2187354,30.2,42.0,102,1
23:12:07,2189599,30.2,42.0,94,1
23:12:09,2191993,30.2,42.0,101,1
23:12:11,2194055,30.2,42.0,101,1
23:12:13,2196109,30.2,42.0,101,1
23:12:16,2198170,30.2,42.0,101,1
23:12:18,2200246,30.2,42.0,94,1
23:12:20,2202307,30.2,42.0,100,1
23:12:22,2204364,30.2,42.0,101,1
23:12:24,2206437,30.2,42.0,100,1
23:12:26,2208643,30.2,42.0,96,1
23:12:28,2210899,30.2,42.0,94,1
23:12:30,2213112,30.2,42.0,102,1
23:12:33,2215203,30.2,42.0,102,1
23:12:35,2217639,30.2,42.0,102,1
23:12:37,2219707,30.2,42.0,102,1
23:12:39,2221782,30.2,42.0,102,1
23:12:41,2223840,30.2,42.0,101,1
23:12:43,2225897,30.2,42.0,102,1
23:12:45,2228005,30.2,42.0,102,1
23:12:48,2230133,30.2,42.0,101,1
23:12:50,2232217,30.2,42.0,101,1
23:12:52,2234303,30.2,42.0,102,1
23:12:54,2236382,30.2,42.0,94,1
23:12:56,2238462,30.2,42.0,101,1
23:12:58,2240535,30.2,42.0,102,1
23:13:00,2242594,30.2,42.0,102,1
23:13:02,2244660,30.2,42.0,101,1
23:13:04,2246733,30.2,42.0,94,1
23:13:06,2248785,30.2,41.0,94,1
23:13:08,2250844,30.2,41.0,102,1
23:13:10,2252916,30.2,41.0,102,1
23:13:12,2255005,30.2,41.0,102,1
23:13:14,2257083,30.2,41.0,102,1
23:13:17,2259164,30.2,41.0,102,1
23:13:19,2261231,30.2,41.0,101,1
23:13:21,2263294,30.2,41.0,102,1
23:13:23,2265375,30.2,41.0,101,1
23:13:25,2267472,30.2,41.0,101,1
23:13:27,2269558,30.2,41.0,101,1
23:13:29,2271632,30.2,41.0,101,1
23:13:31,2273697,30.2,41.0,101,1
23:13:33,2275784,30.2,41.0,101,1
23:13:35,2277847,30.2,41.0,101,1
23:13:37,2279915,30.2,41.0,94,1
23:13:39,2281987,30.2,41.0,100,1
23:13:41,2284077,30.2,41.0,100,1
23:13:44,2286186,30.2,41.0,100,1
23:13:46,2288267,30.2,41.0,100,1
23:13:49,2291162,30.2,41.0,100,1
23:13:51,2293227,30.2,41.0,100,1
23:13:53,2295290,30.2,41.0,100,1
23:13:55,2297358,30.2,41.0,100,1
23:13:57,2299423,30.2,41.0,100,1
23:13:59,2301487,30.2,41.0,94,1
23:14:01,2303549,30.2,41.0,100,1
23:14:03,2305611,30.2,41.0,100,1
23:14:05,2307676,30.2,41.0,100,1
23:14:07,2309732,30.2,41.0,100,1
23:14:09,2311846,30.2,41.0,100,1
23:14:11,2313911,30.2,41.0,94,1
23:14:13,2315989,30.2,41.0,100,1
23:14:15,2318055,30.2,41.0,100,1
23:14:18,2320119,30.2,41.0,100,1
23:14:20,2322697,30.2,41.0,100,1
23:14:22,2324768,30.2,41.0,100,1
23:14:25,2327020,30.2,41.0,100,1
23:14:27,2329275,30.2,41.0,100,1
23:14:29,2331524,30.2,41.0,100,1
23:14:31,2333961,30.2,41.0,100,1
23:14:34,2336087,30.2,41.0,100,1
23:14:36,2338282,30.2,41.0,100,1
23:14:38,2340564,30.2,41.0,100,1
23:14:40,2342628,30.2,41.0,100,1
23:14:42,2344706,30.2,41.0,100,1
23:14:44,2346767,30.2,41.0,100,1
23:14:46,2348837,30.2,41.0,100,1
23:14:49,2351180,30.2,41.0,93,1
23:14:51,2353437,30.2,41.0,93,1
23:14:53,2355780,30.2,41.0,100,1
23:14:55,2357886,30.2,41.0,100,1
23:14:57,2359945,30.2,41.0,100,1
23:14:59,2362018,30.2,41.0,100,1
23:15:02,2364088,30.2,41.0,100,1
23:15:04,2366523,30.2,41.0,100,1
23:15:06,2368590,30.2,41.0,93,1
23:15:08,2370845,30.2,41.0,100,1
23:15:11,2373092,30.2,41.0,93,1
23:15:13,2375636,30.2,41.0,100,1
23:15:15,2377704,30.2,41.0,100,1
23:15:18,2380243,30.2,41.0,100,1
23:15:20,2382309,30.2,41.0,93,1
23:15:22,2384524,30.2,41.0,100,1
23:15:24,2387104,30.2,41.0,100,1
23:15:27,2389169,30.2,41.0,100,1
23:15:29,2391713,30.2,41.0,100,1
23:15:31,2393775,30.2,41.0,93,1
23:15:34,2395931,30.2,41.0,100,1
23:15:36,2398476,30.2,41.0,99,1
23:15:38,2400948,30.2,41.0,93,1
23:15:40,2403016,30.2,41.0,99,1
23:15:43,2405103,30.2,41.0,100,1
23:15:45,2407295,30.2,41.0,93,1
23:15:47,2409553,30.2,41.0,99,1
23:15:49,2411796,30.2,41.0,93,1
23:15:52,2414273,30.2,41.0,99,1
23:15:54,2416413,30.2,41.0,99,1
23:15:56,2418856,30.2,41.0,99,1
23:15:59,2420923,30.2,41.0,99,1
23:16:01,2423454,30.2,41.0,99,1
23:16:03,2425523,30.2,41.0,99,1
23:16:05,2427581,30.2,41.0,93,1
23:16:07,2429823,30.2,41.0,93,1
23:16:10,2432077,30.2,41.0,93,1
23:16:12,2434326,30.2,41.0,93,1
23:16:14,2436767,30.2,41.0,99,1
23:16:16,2438879,30.2,41.0,99,1
23:16:19,2440997,30.2,41.0,99,1
23:16:21,2443524,30.2,41.0,99,1
23:16:23,2445601,30.2,41.0,99,1
23:16:25,2447766,30.2,41.0,99,1
23:16:27,2449894,30.2,41.0,99,1
23:16:29,2451950,30.2,41.0,99,1
23:18:17,2559654,30.2,41.0,92,1
23:18:19,2561713,30.2,41.0,99,1
23:18:21,2563957,30.2,41.0,91,1
23:18:24,2566024,30.2,41.0,99,1
23:18:26,2568258,30.2,41.0,91,1
23:18:28,2570314,30.5,41.0,99,1
23:18:30,2572559,30.8,41.0,91,1
23:18:32,2574681,30.8,41.0,99,1
23:18:35,2576740,30.8,41.0,99,1
23:18:37,2579301,30.8,41.0,99,1
23:18:39,2581372,30.8,41.0,99,1
23:18:41,2583621,30.8,41.0,99,1
23:18:44,2585872,30.8,41.0,91,1
23:18:46,2588320,30.8,41.0,99,1
23:18:48,2590587,30.8,41.0,99,1
23:18:50,2592839,30.8,41.0,99,1
23:18:52,2594911,30.8,41.0,99,1
23:18:54,2597004,30.8,41.0,98,1
23:18:57,2599085,30.8,41.0,99,1
23:18:59,2601626,30.8,41.0,90,1
23:19:01,2603707,30.8,41.0,98,1
23:19:03,2605767,30.8,41.0,98,1
23:19:05,2608005,30.8,41.0,98,1
23:19:07,2610063,30.8,41.0,90,1
23:19:10,2612196,30.8,41.0,99,1
23:19:12,2614260,30.8,41.0,99,1
23:19:14,2616316,30.8,41.0,99,1
23:19:16,2618379,30.8,41.0,99,1
23:19:18,2620441,30.8,41.0,99,1
23:19:20,2622523,30.8,41.0,98,1
23:19:22,2624785,30.8,41.0,98,1
23:19:24,2626856,30.8,41.0,98,1
23:19:26,2628921,30.8,41.0,98,1
23:19:28,2630987,30.8,41.0,98,1
23:19:30,2633053,30.8,41.0,98,1
23:19:33,2635186,30.8,41.0,98,1
23:19:35,2637281,30.8,41.0,98,1
23:19:37,2639544,30.8,41.0,98,1
23:19:39,2641625,30.8,41.0,98,1
23:19:41,2643739,30.8,41.0,98,1
23:19:44,2646083,30.8,41.0,98,1
23:19:46,2648334,30.8,41.0,90,1
23:19:48,2650591,30.8,41.0,98,1
23:19:50,2653027,30.8,41.0,98,1
23:19:53,2655102,30.8,41.0,98,1
23:19:55,2657346,30.8,41.0,90,1
23:19:57,2659596,30.8,41.0,90,1
23:20:00,2661961,30.8,41.0,98,1
23:20:02,2664311,30.5,41.0,98,1
23:20:04,2666560,30.2,41.0,90,1
23:20:07,2668810,30.2,41.0,90,1
23:20:09,2671270,30.2,41.0,90,1
23:20:11,2673335,30.2,41.0,98,1
23:20:13,2675399,30.2,41.0,98,1
23:20:15,2677468,30.2,41.0,98,1
23:20:17,2679673,30.2,41.0,98,1
23:20:19,2682117,30.2,41.0,98,1
23:20:22,2684183,30.2,41.0,98,1
23:20:24,2686427,30.2,41.0,98,1
23:20:26,2688557,30.2,41.0,98,1
23:20:28,2690723,30.2,41.0,90,1
23:20:30,2692857,30.2,41.0,98,1
23:20:32,2694944,30.2,41.0,98,1
23:20:35,2697074,30.2,41.0,90,1
23:20:37,2699332,30.2,41.0,90,1
23:20:39,2701388,30.2,41.0,98,1
23:20:41,2703462,30.2,41.0,98,1
23:20:43,2705536,30.2,41.0,98,1
23:20:45,2707590,30.2,41.0,98,1
23:20:47,2709673,30.2,41.0,98,1
23:20:49,2711798,30.2,41.0,98,1
23:20:51,2713860,30.2,41.0,98,1
23:20:54,2716118,30.2,41.0,90,1
23:20:56,2718498,30.2,41.0,98,1
23:20:58,2720570,30.2,41.0,98,1
23:21:00,2722679,30.2,41.0,90,1
23:21:02,2725112,30.2,41.0,98,1
23:21:05,2727177,30.2,41.0,90,1
23:21:07,2729334,30.2,41.0,98,1
23:21:09,2731871,30.2,41.0,99,1
23:21:11,2733933,30.2,41.0,91,1
23:21:14,2735992,30.2,41.0,99,1
23:21:16,2738424,30.2,41.0,99,1
23:21:18,2740983,30.2,41.0,98,1
23:21:21,2743049,30.2,41.0,90,1
23:21:23,2745508,30.2,41.0,99,1
23:21:25,2748049,30.2,41.0,99,1
23:21:47,2766610,30.2,41.0,99,1
23:21:49,2771689,30.2,41.0,99,1
23:21:51,2773769,30.2,41.0,99,1
23:21:54,2776027,30.2,41.0,99,1
23:21:56,2778462,30.2,41.0,99,1
23:21:58,2780545,30.2,41.0,99,1
23:22:00,2782649,30.2,41.0,99,1
23:22:03,2785116,30.2,41.0,99,1
23:22:05,2787232,30.2,41.0,99,1
23:22:07,2789337,30.2,41.0,99,1
23:22:09,2791398,30.2,41.0,99,1
23:22:11,2793740,30.2,41.0,99,1
23:22:14,2795986,30.2,41.0,92,1
23:22:16,2798530,30.2,41.0,99,1
23:22:18,2800609,30.2,41.0,99,1
23:22:21,2803143,30.2,41.0,99,1
23:22:23,2805222,30.2,41.0,99,1
23:22:25,2807355,30.2,41.0,99,1
23:22:27,2809420,30.2,41.0,99,1
23:22:29,2811760,30.2,41.0,99,1
23:22:31,2814013,30.2,41.0,99,1
23:22:34,2816171,30.2,41.0,99,1
23:22:36,2818809,30.2,41.0,99,1
23:22:39,2820878,30.2,41.0,99,1
23:22:41,2823412,30.2,41.0,99,1
23:22:43,2825483,30.2,41.0,99,1
23:22:45,2827576,30.2,41.0,99,1
23:22:48,2829783,30.2,41.0,99,1
23:22:50,2832321,30.2,41.0,99,1
23:22:52,2834399,30.2,41.0,99,1
23:22:54,2836929,30.2,41.0,99,1
23:22:56,2839043,30.2,41.0,99,1
23:22:59,2841106,30.2,41.0,99,1
23:23:01,2843686,30.2,41.0,99,1
23:23:03,2845776,30.2,41.0,99,1
23:23:05,2848010,30.2,41.0,99,1
23:23:08,2850072,30.2,41.0,99,1
23:23:10,2852698,30.2,41.0,99,1
23:23:12,2854808,30.2,41.0,99,1
23:23:14,2857019,30.2,41.0,99,1
23:23:17,2859099,30.2,41.0,99,1
23:23:19,2861318,30.2,41.0,99,1
23:23:21,2863576,30.2,41.0,99,1
23:23:23,2865829,30.2,41.0,99,1
23:23:26,2868074,30.2,41.0,90,1
23:23:28,2870821,30.2,41.0,98,1
23:23:30,2872915,30.2,41.0,98,1
23:23:33,2875137,30.2,41.0,98,1
23:23:35,2877887,30.2,41.0,90,1
23:23:38,2879975,30.2,41.0,98,1
23:23:40,2882222,30.2,41.0,98,1
23:23:42,2884480,30.2,41.0,98,1
23:23:44,2886714,30.2,41.0,98,1
23:23:46,2888780,30.2,41.0,99,1
23:23:48,2890934,30.2,41.0,98,1
23:23:51,2892995,30.2,41.0,98,1
23:23:53,2895314,30.2,41.0,98,1
23:23:55,2897567,30.2,41.0,98,1
23:23:57,2899657,30.2,41.0,98,1
23:24:00,2901769,30.2,41.0,99,1
23:24:02,2904305,30.2,41.0,99,1
23:24:04,2906440,30.2,40.0,99,1
23:24:06,2908621,30.2,40.0,92,1
23:24:09,2911165,30.2,40.0,99,1
23:24:11,2913235,30.2,40.0,99,1
23:24:13,2915774,30.2,41.0,99,1
23:24:15,2917838,30.2,40.0,92,1
23:24:18,2920093,30.2,40.0,91,1
23:24:20,2922344,30.2,40.0,91,1
23:24:22,2924403,30.2,40.0,99,1
23:24:24,2926651,30.2,40.0,99,1
23:24:27,2929088,30.2,40.0,99,1
23:24:29,2931231,30.2,40.0,99,1
23:24:31,2933795,30.2,40.0,99,1
23:24:33,2935892,30.2,40.0,99,1
23:24:35,2937980,30.2,40.0,91,1
23:24:38,2940078,30.2,40.0,99,1
23:24:40,2942210,30.2,40.0,91,1
23:24:42,2944655,30.2,40.0,99,1
23:24:44,2946721,30.2,40.0,99,1
23:24:47,2949160,30.2,40.0,99,1
23:24:49,2951816,30.2,40.0,99,1
23:24:52,2953881,30.2,40.0,91,1
23:24:54,2956425,30.2,40.0,98,1
23:24:56,2958491,30.2,40.0,98,1
23:24:58,2961035,30.2,40.0,98,1
23:25:01,2963105,30.2,40.0,98,1
23:25:03,2965374,30.2,40.0,98,1
23:25:05,2967612,30.2,40.0,90,1
23:25:07,2969872,30.2,40.0,100,1
23:25:10,2972002,30.2,40.0,100,1
23:25:12,2974550,30.2,40.0,100,1
23:25:14,2976614,30.2,40.0,93,1
23:25:17,2979156,30.2,40.0,100,1
23:25:19,2981222,30.2,40.0,100,1
23:25:21,2983285,30.2,40.0,99,1
23:25:23,2985353,30.2,40.0,99,1
23:25:25,2987483,30.2,40.0,99,1
23:25:28,2989822,30.2,40.0,93,1
23:25:30,2992365,30.2,40.0,100,1
23:25:32,2994436,30.2,40.0,100,1
23:25:34,2996871,30.2,40.0,100,1
23:25:37,2998942,30.2,40.0,93,1
23:25:39,3001193,30.2,40.0,99,1
23:25:41,3003478,30.2,40.0,99,1
23:25:43,3005547,30.2,40.0,99,1
23:25:45,3007677,30.2,40.0,99,1
23:25:47,3009746,30.2,40.0,99,1
23:25:49,3011844,30.2,40.0,99,1
23:25:52,3014089,30.2,40.0,93,1
23:25:54,3016637,30.2,40.0,99,1
23:26:03,3025946,30.2,40.0,99,1
23:26:05,3028015,30.2,40.0,93,1
23:26:08,3030119,30.2,40.0,99,1
23:26:10,3032233,30.2,40.0,99,1
23:26:12,3034758,30.2,40.0,99,1
23:26:14,3036824,30.2,40.0,93,1
23:26:16,3038882,30.2,40.0,99,1
23:26:19,3041121,30.2,40.0,93,1
23:26:21,3043190,30.2,40.0,99,1
23:26:23,3045323,30.2,40.0,99,1
23:26:25,3047863,30.2,40.0,99,1
23:26:28,3049928,30.2,40.0,93,1
23:26:30,3052474,30.2,40.0,99,1
23:26:32,3054539,30.2,40.0,99,1
23:26:34,3056694,30.2,40.0,93,1
23:26:36,3058750,30.2,40.0,100,1
23:26:39,3060996,30.2,40.0,100,1
23:26:41,3063427,30.2,40.0,100,1
23:26:43,3065501,30.2,40.0,100,1
23:26:45,3067643,30.2,40.0,100,1
23:26:47,3069704,30.2,40.0,100,1
23:26:50,3072239,30.2,40.0,100,1
23:26:52,3074302,30.2,40.0,100,1
23:26:54,3076509,30.2,40.0,100,1
23:26:56,3078604,30.2,40.0,100,1
23:26:58,3080862,30.2,40.0,100,1
23:27:01,3083104,30.2,40.0,93,1
23:27:03,3085648,30.2,40.0,100,1
23:27:05,3087743,30.2,40.0,100,1
23:27:07,3089808,30.2,40.0,99,1
23:27:10,3091918,30.2,40.0,98,1
23:27:12,3094274,30.2,40.0,98,1
23:27:14,3096808,30.2,40.0,100,1
23:27:16,3098893,30.2,40.0,100,1
23:27:19,3101130,30.2,40.0,94,1
23:27:21,3103384,30.2,40.0,100,1
23:27:23,3105634,30.2,40.0,94,1
23:27:25,3108072,30.2,40.0,94,1
23:27:28,3110146,30.2,40.0,102,1
23:27:30,3112578,30.2,40.0,101,1
23:27:32,3114645,30.2,40.0,100,1
23:27:34,3117084,30.2,40.0,100,1
23:27:37,3119157,30.2,40.0,100,1
23:27:39,3121404,30.2,40.0,100,1
23:27:41,3123842,30.2,40.0,100,1
23:27:44,3125905,30.2,40.0,93,1
23:27:46,3128449,30.2,40.0,100,1
23:27:48,3130609,30.2,40.0,100,1
23:27:50,3132671,30.2,40.0,100,1
23:27:52,3134772,30.2,40.0,99,1
23:27:54,3136967,30.2,40.0,100,1
23:27:57,3139035,30.2,40.0,100,1
23:27:59,3141269,30.2,40.0,100,1
23:28:01,3143529,30.2,40.0,100,1
23:28:03,3145959,30.2,40.0,100,1
23:28:06,3148043,30.2,40.0,99,1
23:28:08,3150282,30.2,40.0,100,1
23:28:10,3152529,30.2,40.0,93,1
23:28:13,3155174,30.2,40.0,99,1
23:28:15,3157255,30.2,40.0,99,1
23:28:17,3159324,30.2,40.0,99,1
23:28:19,3161545,30.2,40.0,99,1
23:28:21,3163605,30.2,40.0,99,1
23:28:23,3165846,30.2,40.0,99,1
23:28:26,3168095,30.2,40.0,93,1
23:28:28,3170351,30.2,40.0,99,1
23:28:30,3172601,30.2,40.0,93,1
23:28:33,3174857,30.2,40.0,99,1
23:28:35,3177296,30.2,40.0,99,1
23:28:37,3179387,30.2,40.0,99,1
23:28:39,3181616,30.2,40.0,93,1
23:28:42,3183866,30.2,40.0,99,1
23:28:44,3186304,30.2,40.0,99,1
23:28:46,3188373,30.2,40.0,99,1
23:28:48,3190808,30.2,40.0,99,1
23:28:50,3192877,30.2,40.0,99,1
23:28:53,3195125,30.2,40.0,92,1
23:28:55,3197192,30.2,40.0,99,1
23:28:57,3199428,30.2,41.0,91,1
23:28:59,3201867,30.2,41.0,99,1
23:29:02,3203943,30.2,41.0,99,1
23:29:04,3206183,30.2,41.0,92,1
23:29:06,3208276,30.2,41.0,99,1
23:29:08,3210386,30.2,41.0,99,1
23:29:10,3212513,30.2,41.0,99,1
23:29:12,3214588,30.2,41.0,102,1
23:29:14,3217021,30.2,41.0,100,1
23:29:17,3219088,30.2,41.0,94,1
23:29:19,3221526,30.2,41.0,101,1
23:29:21,3223599,30.2,41.0,102,1
23:29:24,3225848,30.2,41.0,96,1
23:29:26,3228285,30.2,41.0,102,1
23:29:28,3230385,30.2,41.0,96,1
23:29:30,3232857,30.2,41.0,96,1
23:29:33,3234910,30.2,41.0,102,1
23:29:35,3237502,30.2,41.0,102,1
23:29:38,3240162,30.2,41.0,102,1
23:29:40,3242621,30.2,41.0,102,1
23:29:43,3245078,30.2,41.0,102,1
23:29:46,3247843,30.2,41.0,102,1
23:29:48,3250404,30.2,41.0,102,1
23:29:51,3253065,30.2,41.0,102,1
23:29:53,3255726,30.2,41.0,94,1
23:29:56,3257809,30.2,41.0,102,1
23:29:58,3260437,30.2,41.0,102,1
23:30:01,3263100,30.2,41.0,101,1
23:30:04,3265762,30.2,41.0,100,1
23:30:06,3268424,30.2,41.0,99,1
23:30:08,3270695,30.2,41.0,92,1
23:30:10,3272761,30.2,41.0,99,1
23:30:12,3274819,30.2,41.0,93,1
23:30:15,3277049,30.2,41.0,93,1
23:30:17,3279294,30.2,41.0,93,1
23:30:19,3281838,30.2,41.0,99,1
23:30:21,3283920,30.2,41.0,99,1
23:30:23,3285989,30.2,41.0,99,1
23:30:26,3288057,30.2,41.0,99,1
23:30:28,3290259,30.2,41.0,99,1
23:30:30,3292691,30.2,41.0,99,1
23:30:32,3294766,30.2,41.0,100,1
23:30:35,3297012,30.2,41.0,93,1
23:30:37,3299455,30.2,41.0,100,1
23:30:39,3301533,30.2,41.0,93,1
23:30:41,3303774,30.2,41.0,93,1
23:30:44,3306118,30.2,41.0,100,1
23:30:46,3308256,30.2,41.0,100,1
23:30:48,3310713,30.2,41.0,100,1
23:30:50,3312782,30.2,41.0,93,1
23:30:53,3315220,30.2,41.0,93,1
23:30:55,3317292,30.2,41.0,93,1
23:30:57,3319454,30.2,41.0,93,1
23:30:59,3321593,30.2,41.0,93,1
23:31:01,3324024,30.2,41.0,100,1
23:31:04,3326089,30.2,41.0,93,1
23:31:06,3328633,30.2,41.0,99,1
23:31:08,3330702,30.2,41.0,100,1
23:31:11,3333053,30.2,41.0,93,1
23:31:13,3335312,30.2,41.0,93,1
23:31:15,3337575,30.2,41.0,93,1
23:31:17,3339816,30.2,41.0,100,1
23:31:20,3342252,30.2,41.0,93,1
23:31:22,3344314,30.2,41.0,93,1
23:31:24,3346476,30.2,41.0,93,1
23:31:26,3348640,30.2,41.0,93,1
23:31:28,3350704,30.2,41.0,93,1
23:31:30,3352863,30.2,41.0,93,1
23:31:32,3354979,30.2,41.0,93,1
23:31:35,3357149,30.2,41.0,93,1
23:31:37,3359271,30.2,41.0,93,1
23:31:39,3361424,30.2,41.0,93,1
23:31:41,3363571,30.2,41.0,93,1
23:31:44,3366035,30.2,41.0,99,1
23:31:46,3368181,30.2,41.0,99,1
23:31:48,3370528,30.2,41.0,93,1
23:31:50,3372984,30.2,41.0,93,1
23:31:53,3375039,30.2,41.0,99,1
23:31:55,3377290,30.2,41.0,99,1
23:31:57,3379350,30.2,41.0,99,1
23:31:59,3381414,30.2,41.0,99,1
23:32:01,3383642,30.2,41.0,99,1
23:32:03,3385886,30.2,41.0,93,1
23:32:06,3387942,30.2,41.0,99,1
23:32:08,3390196,30.2,41.0,99,1
23:32:10,3392442,30.2,41.0,93,1
23:32:12,3394989,30.2,41.0,99,1
23:32:15,3397052,30.2,41.0,99,1
23:32:17,3399411,30.2,41.0,99,1
23:32:19,3401661,30.2,41.0,99,1
23:32:22,3404099,30.2,41.0,99,1
23:32:24,3406180,30.2,41.0,99,1
23:32:26,3408422,30.2,41.0,99,1
23:32:28,3410671,30.2,41.0,99,1
23:32:31,3413109,30.2,41.0,99,1
23:32:33,3415192,30.2,41.0,99,1
23:32:35,3417427,30.2,41.0,93,1
23:32:37,3419880,30.2,41.0,93,1
23:32:40,3421939,30.2,41.0,99,1
23:32:42,3424184,30.2,41.0,93,1
23:32:44,3426729,30.2,41.0,92,1
23:32:47,3428788,30.2,41.0,92,1
23:32:49,3431336,30.2,41.0,99,1
23:32:51,3433400,30.2,41.0,92,1
23:32:54,3436060,30.2,41.0,92,1
23:32:56,3438421,30.2,41.0,99,1
23:32:58,3440960,30.2,41.0,101,1
23:33:00,3443050,30.2,41.0,101,1
23:33:03,3445119,30.2,41.0,94,1
23:33:05,3447330,30.2,41.0,100,1
23:33:07,3449769,30.2,41.0,100,1
23:33:09,3451889,30.2,41.0,93,1
23:33:12,3454091,30.2,41.0,100,1
23:33:14,3456339,30.2,41.0,94,1
23:33:16,3458593,30.2,41.0,94,1
23:33:18,3460845,30.2,41.0,94,1
23:33:20,3463004,30.2,41.0,94,1
23:33:23,3465152,30.2,41.0,94,1
23:33:25,3467302,30.2,41.0,94,1
23:33:27,3469447,30.2,41.0,102,1
23:33:29,3471699,30.2,41.0,94,1
23:33:32,3473947,30.2,41.0,94,1
23:33:34,3476202,30.2,41.0,94,1
23:33:36,3478360,30.2,41.0,94,1
23:33:38,3480522,30.2,41.0,100,1
23:33:40,3482579,30.2,41.0,100,1
23:33:42,3484683,30.2,41.0,100,1
23:33:45,3487346,30.2,41.0,100,1
23:33:47,3489531,30.2,41.0,94,1
23:33:49,3491671,30.2,41.0,98,1
23:33:52,3494080,30.2,41.0,93,1
23:33:54,3496275,30.2,41.0,88,1
23:33:56,3498712,30.2,41.0,90,1
23:33:58,3500799,30.2,41.0,88,1
23:34:01,3503032,30.2,41.0,81,1
23:34:03,3505285,30.2,41.0,81,1
23:34:05,3507534,30.2,41.0,81,1
23:34:07,3510080,30.2,41.0,81,1
23:34:10,3512143,30.2,41.0,81,1
23:34:12,3514290,30.2,41.0,81,1
23:34:14,3516837,30.2,41.0,88,1
23:34:16,3518903,30.2,41.0,88,1
23:34:19,3521063,30.2,41.0,88,1
23:34:21,3523302,30.2,41.0,81,1
23:34:23,3525750,30.2,41.0,88,1
23:34:25,3527827,30.2,41.0,88,1
23:34:28,3530065,30.2,41.0,88,1
23:34:30,3532332,30.2,41.0,88,1
23:34:32,3534421,30.2,41.0,88,1
23:34:34,3536622,30.2,41.0,88,1
23:34:36,3539056,30.2,41.0,88,1
23:34:39,3541139,30.2,41.0,88,1
23:34:41,3543378,30.2,41.0,88,1
23:34:43,3545629,30.2,41.0,88,1
23:34:46,3547889,30.2,41.0,88,1
23:34:48,3550343,30.2,41.0,88,1
23:34:50,3552598,30.2,41.0,88,1
23:34:53,3555236,30.2,41.0,88,1
23:34:55,3557344,30.2,41.0,88,1
23:40:06,3868692,29.8,41.0,86,1
23:40:08,3871026,29.8,41.0,87,1
23:40:10,3873088,29.8,41.0,79,1
23:40:13,3875145,30.0,40.0,86,1
23:40:15,3877257,30.2,40.0,86,1
23:40:17,3879335,30.2,40.0,86,1
23:40:19,3881398,30.2,40.0,87,1
23:40:21,3883737,30.2,41.0,79,1
23:40:23,3885807,30.2,41.0,86,1
23:40:25,3887902,30.2,40.0,86,1
23:40:27,3889986,30.2,40.0,86,1
23:40:30,3892047,30.2,40.0,87,1
23:40:32,3894391,30.2,40.0,87,1
23:40:34,3896643,30.2,40.0,86,1
23:40:36,3899079,30.2,40.0,78,1
23:40:39,3901144,30.2,40.0,78,1
23:40:44,3903210,30.2,40.0,86,1
23:40:46,3908325,30.2,40.0,86,1
23:40:48,3910589,30.2,40.0,86,1
23:40:51,3912723,30.2,40.0,86,1
23:40:53,3915260,30.2,40.0,86,1
23:40:55,3917324,30.2,40.0,78,1
23:40:57,3919417,30.2,40.0,86,1
23:40:59,3921483,30.2,40.0,78,1
23:41:01,3923538,30.2,40.0,86,1
23:41:03,3925599,30.2,40.0,86,1
23:41:05,3927673,30.2,40.0,86,1
23:41:07,3929734,30.2,40.0,86,1
23:41:09,3931805,30.2,40.0,86,1
23:41:12,3933915,30.2,40.0,78,1
23:41:14,3936162,30.2,40.0,78,1
23:41:16,3938706,30.2,40.0,86,1
23:41:19,3940772,30.2,40.0,86,1
23:41:21,3943314,30.2,40.0,78,1
23:41:23,3945431,30.2,40.0,86,1
23:41:25,3947529,30.2,40.0,78,1
23:41:27,3949590,30.2,40.0,86,1
23:41:30,3952223,30.2,40.0,78,1
23:41:32,3954286,30.2,40.0,86,1
23:41:34,3956753,30.2,40.0,86,1
23:41:36,3958909,30.2,40.0,86,1
23:41:39,3960970,30.2,40.0,86,1
23:41:41,3963486,30.2,40.0,86,1
23:41:43,3965556,30.2,40.0,86,1
23:41:46,3967910,30.2,40.0,86,1
23:41:48,3970163,30.2,40.0,86,1
23:41:50,3972226,30.2,40.0,78,1
23:41:52,3974292,30.2,40.0,86,1
23:41:54,3976356,30.2,40.0,86,1
23:41:56,3978949,30.2,40.0,86,1
23:41:59,3981010,30.2,40.0,78,1
23:42:01,3983271,30.2,40.0,86,1
23:42:03,3985412,30.2,40.0,86,1
23:42:05,3987575,30.2,40.0,78,1
23:42:08,3990007,30.2,40.0,86,1
23:42:10,3992279,30.2,40.0,78,1
23:42:12,3994531,30.2,40.0,78,1
23:42:15,3996780,30.2,40.0,78,1
23:42:17,3999325,30.2,40.0,78,1
23:42:19,4001392,30.2,40.0,86,1
23:42:21,4003547,30.2,40.0,78,1
23:42:23,4005605,30.2,40.0,86,1
23:42:25,4008029,30.2,40.0,86,1
23:42:28,4010093,30.2,40.0,78,1
23:42:30,4012150,30.2,40.0,86,1
23:42:32,4014211,30.2,40.0,78,1
23:42:34,4016281,30.2,40.0,86,1
23:42:36,4018395,30.2,40.0,86,1
23:42:38,4020933,30.2,40.0,86,1
23:42:40,4022993,30.2,40.0,78,1
23:42:43,4025056,30.2,40.0,86,1
23:42:45,4027484,30.2,40.0,86,1
23:42:47,4029551,30.2,40.0,78,1
23:42:49,4031991,30.2,40.0,86,1
23:42:52,4034068,30.2,40.0,78,1
23:42:54,4036219,30.2,40.0,86,1
23:42:56,4038764,30.2,40.0,82,1
23:42:58,4040852,30.2,40.0,88,1
23:43:01,4043066,30.2,41.0,81,1
23:43:03,4045413,30.2,41.0,88,1
23:43:05,4047570,30.2,41.0,81,1
23:43:07,4049681,30.2,41.0,88,1
23:43:10,4052163,30.2,41.0,81,1
23:43:12,4054232,30.2,41.0,88,1
23:43:14,4056585,30.2,41.0,88,1
23:43:16,4058832,30.2,41.0,81,1
23:43:18,4060899,30.2,40.0,88,1
23:43:21,4063137,30.2,40.0,81,1
23:43:23,4065217,30.2,40.0,88,1
23:43:25,4067280,30.2,40.0,88,1
23:43:27,4069488,30.2,40.0,80,1
23:43:29,4071621,30.2,40.0,88,1
23:43:31,4073707,30.2,40.0,88,1
23:43:33,4075771,30.2,40.0,88,1
23:43:35,4077882,30.2,40.0,80,1
23:43:38,4079936,30.2,40.0,81,1
23:43:40,4082180,30.2,40.0,80,1
23:43:42,4084296,30.2,40.0,88,1
23:43:44,4086393,30.2,40.0,88,1
23:43:46,4088922,30.2,40.0,88,1
23:43:48,4090982,30.2,40.0,80,1
23:43:51,4093044,30.2,40.0,88,1
23:43:53,4095181,30.2,40.0,86,1
23:45:57,4217057,30.2,40.0,86,1
23:45:59,4221927,30.2,40.0,86,1
23:46:01,4224022,30.2,40.0,86,1
23:46:04,4226082,30.2,40.0,86,1
23:46:06,4228153,30.2,40.0,86,1
23:46:08,4230291,30.2,40.0,86,1
23:46:10,4232349,30.2,40.0,86,1
23:46:12,4234410,30.2,40.0,86,1
23:46:14,4236481,30.2,40.0,86,1
23:46:16,4238931,30.2,40.0,86,1
23:46:18,4241001,30.2,40.0,86,1
23:46:21,4243130,30.2,40.0,86,1
23:46:23,4245195,30.2,40.0,78,1
23:46:25,4247673,30.2,40.0,78,1
23:46:27,4249904,30.2,40.0,78,1
23:46:29,4251987,30.2,40.0,86,1
23:46:32,4254091,30.2,40.0,86,1
23:46:34,4256155,30.2,40.0,78,1
23:46:36,4258707,30.2,40.0,78,1
23:46:38,4260789,30.2,40.0,86,1
23:46:40,4262932,30.2,40.0,86,1
23:46:43,4265068,30.2,40.0,78,1
23:46:45,4267308,30.2,40.0,78,1
23:46:47,4269561,30.2,40.0,78,1
23:46:49,4271688,30.2,40.0,78,1
23:46:51,4273745,30.2,40.0,86,1
23:46:53,4275922,30.2,40.0,86,1
23:46:55,4277988,30.2,40.0,86,1
23:46:58,4280124,30.2,40.0,86,1
23:47:00,4282242,30.2,40.0,86,1
23:47:02,4284306,30.2,40.0,78,1
23:47:04,4286751,30.2,40.0,86,1
23:47:06,4288817,30.2,40.0,78,1
23:47:08,4290882,30.2,40.0,86,1
23:47:11,4293115,30.2,40.0,78,1
23:47:13,4295495,30.2,40.0,86,1
23:47:15,4297625,30.2,40.0,86,1
23:47:17,4299689,30.2,40.0,78,1
23:47:20,4301920,30.2,40.0,78,1
23:47:22,4304467,30.2,40.0,86,1
23:47:24,4306532,30.2,40.0,86,1
23:47:26,4308598,30.2,40.0,86,1
23:47:29,4311223,30.2,41.0,86,1
23:47:31,4313290,30.2,41.0,78,1
23:47:33,4315728,30.2,41.0,86,1
23:47:35,4317801,30.2,41.0,78,1
23:47:37,4319953,30.2,41.0,86,1
23:47:40,4322096,30.2,41.0,78,1
23:47:42,4324536,30.2,41.0,78,1
23:47:44,4326603,30.2,41.0,86,1
23:47:47,4328746,30.2,41.0,78,1
23:47:49,4331293,30.2,41.0,78,1
23:47:51,4333365,30.2,41.0,78,1
23:47:53,4335529,30.2,41.0,86,1
23:47:55,4337591,30.2,41.0,86,1
23:47:57,4339715,30.2,41.0,86,1
23:48:00,4342147,30.2,41.0,86,1
23:48:02,4344217,30.2,41.0,78,1
23:48:04,4346279,30.2,41.0,86,1
23:48:06,4348344,30.2,41.0,78,1
23:48:08,4350408,30.2,41.0,86,1
23:48:10,4352612,30.2,41.0,86,1
23:48:12,4354685,30.2,41.0,86,1
23:48:14,4356756,30.2,41.0,85,1
23:48:17,4358956,30.2,41.0,77,1
23:48:19,4361314,30.2,41.0,85,1
23:48:21,4363670,30.2,40.0,85,1
23:48:24,4365917,30.2,40.0,77,1
23:48:26,4368276,30.2,40.0,85,1
23:48:28,4370380,30.2,40.0,85,1
23:48:30,4372475,30.2,40.0,77,1
23:48:32,4374913,30.2,40.0,85,1
23:48:34,4377033,30.2,40.0,85,1
23:48:37,4379097,30.2,40.0,85,1
23:48:39,4381241,30.2,40.0,85,1
23:48:41,4383334,30.2,40.0,85,1
23:48:43,4385396,30.2,40.0,85,1
23:48:45,4387517,30.2,40.0,85,1
23:48:47,4389644,30.2,40.0,85,1
23:48:49,4391731,30.2,40.0,85,1
23:48:52,4394168,30.2,40.0,85,1
23:48:54,4396274,30.2,40.0,77,1
23:48:56,4398409,30.2,40.0,85,1
23:48:58,4400539,30.2,40.0,85,1
23:49:00,4402970,30.2,40.0,85,1
23:49:03,4405075,30.2,40.0,85,1
23:49:05,4407490,30.2,40.0,77,1
23:49:07,4409947,30.2,40.0,77,1
23:49:10,4412106,30.2,40.0,77,1
23:49:12,4414244,30.2,40.0,77,1
23:49:14,4416379,30.2,40.0,77,1
23:49:16,4418438,30.2,40.0,77,1
23:49:28,4426310,30.2,40.0,85,1
23:49:30,4432925,30.2,40.0,87,1
23:49:32,4434979,30.2,40.0,86,1
23:49:35,4437041,30.2,40.0,78,1
23:49:37,4439133,30.2,40.0,86,1
23:49:39,4441198,30.2,40.0,86,1
23:49:41,4443262,30.2,40.0,86,1
23:49:43,4445384,30.2,40.0,86,1
23:49:45,4447510,30.2,40.0,86,1
23:49:47,4449684,30.2,40.0,86,1
23:49:50,4452024,30.2,40.0,86,1
23:49:52,4454577,30.2,40.0,86,1
23:49:54,4456658,30.2,40.0,86,1
23:49:56,4458897,30.2,40.0,78,1
23:49:58,4460953,30.2,40.0,86,1
23:50:01,4463018,30.2,40.0,86,1
23:50:03,4465146,30.2,40.0,86,1
23:50:05,4467498,30.2,40.0,78,1
23:50:07,4469936,30.2,40.0,86,1
23:50:09,4472017,30.2,40.0,86,1
23:50:12,4474079,30.2,40.0,78,1
23:50:14,4476202,30.2,40.0,86,1
23:50:16,4478263,30.2,40.0,86,1
23:50:18,4480323,30.2,40.0,86,1
23:50:20,4482456,30.2,40.0,86,1
23:50:22,4484603,30.2,40.0,86,1
23:50:25,4486746,30.2,40.0,78,1
23:51:37,4559511,30.2,40.0,86,1
23:51:39,4561568,30.2,40.0,86,1
23:51:42,4563647,30.2,40.0,86,1
23:51:44,4566291,30.2,40.0,86,1
23:51:46,4568356,30.2,40.0,86,1
23:51:48,4570414,30.2,40.0,86,1
23:51:50,4572480,30.2,40.0,86,1
23:51:52,4574542,30.2,40.0,86,1
23:51:54,4576600,30.2,40.0,86,1
23:51:56,4578678,30.2,40.0,86,1
23:51:58,4580736,30.2,40.0,86,1
23:52:01,4582797,30.2,40.0,86,1
23:52:03,4585233,30.2,40.0,86,1
23:52:05,4587298,30.2,40.0,78,1
23:52:07,4589843,30.2,40.0,86,1
23:52:09,4591916,30.2,40.0,87,1
23:52:12,4594064,30.2,40.0,87,1
23:52:14,4596314,30.2,40.0,87,1
23:52:16,4598381,30.2,40.0,87,1
23:52:18,4600628,30.2,40.0,87,1
23:52:20,4602868,30.2,40.0,87,1
23:52:22,4604994,30.2,40.0,80,1
23:52:25,4607052,30.2,40.0,87,1
23:52:27,4609209,30.2,40.0,80,1
23:52:29,4611654,30.2,40.0,87,1
23:52:31,4613782,30.2,40.0,87,1
23:52:33,4615972,30.2,40.0,80,1
23:52:36,4618030,30.2,40.0,87,1
23:52:38,4620273,30.2,40.0,87,1
23:52:40,4622520,30.2,40.0,80,1
23:52:42,4624674,30.2,40.0,87,1
23:52:44,4626748,30.2,40.0,87,1
23:52:46,4628810,30.2,40.0,87,1
23:52:49,4630932,30.2,40.0,87,1
23:52:51,4633176,30.2,40.0,87,1
23:52:53,4635424,30.2,40.0,79,1
23:52:56,4637778,30.2,40.0,87,1
23:52:58,4640190,30.2,40.0,87,1
23:53:00,4642385,30.2,40.0,79,1
23:53:02,4644638,30.2,40.0,79,1
23:53:05,4647081,30.2,40.0,79,1
23:53:07,4649153,30.2,40.0,87,1
23:53:09,4651434,30.2,40.0,87,1
23:53:11,4653501,30.2,40.0,87,1
23:53:13,4655803,30.2,40.0,80,1
23:53:16,4657926,30.2,40.0,87,1
23:53:18,4660254,30.2,40.0,79,1
23:53:20,4662343,30.2,40.0,87,1
23:53:22,4664408,30.2,40.0,87,1
23:53:24,4666946,30.2,40.0,87,1
23:53:27,4669027,30.2,40.0,87,1
23:53:29,4671371,30.2,40.0,87,1
23:53:31,4674010,30.2,40.0,87,1
23:53:34,4676072,30.2,40.0,87,1
23:53:36,4678531,30.2,40.0,87,1
23:53:38,4680603,30.2,40.0,87,1
23:53:41,4683124,30.2,40.0,87,1
23:53:43,4685183,30.2,40.0,87,1
23:53:45,4687629,30.2,40.0,87,1
23:53:47,4689699,30.2,40.0,87,1
23:53:50,4692134,30.2,40.0,87,1
23:53:52,4694209,30.2,40.0,79,1
23:53:54,4696462,30.2,40.0,87,1
23:53:56,4698894,30.2,40.0,87,1
23:53:59,4700958,30.2,40.0,79,1
23:54:01,4703354,30.2,40.0,87,1
23:54:03,4705428,30.2,40.0,87,1
23:54:05,4707510,30.2,40.0,79,1
23:54:07,4709623,30.2,40.0,87,1
23:54:09,4711822,30.2,40.0,79,1
23:54:12,4714082,30.2,40.0,86,1
23:54:14,4716222,30.2,40.0,78,1
23:54:16,4718371,30.2,40.0,86,1
23:54:18,4720440,30.2,40.0,78,1
23:54:20,4722574,30.2,40.0,78,1
23:54:23,4725106,30.2,40.0,87,1
23:54:25,4727188,30.2,40.0,87,1
23:54:27,4729427,30.2,40.0,79,1
23:54:29,4731683,30.2,40.0,79,1
23:54:31,4733738,30.2,40.0,87,1
23:54:34,4735983,30.2,40.0,87,1
23:54:36,4738418,30.2,40.0,87,1
23:54:38,4740480,30.2,40.0,79,1
23:54:40,4742924,30.2,40.0,86,1
23:54:42,4744988,30.2,40.0,78,1
23:54:45,4747045,30.2,40.0,87,1
23:54:47,4749289,30.2,40.0,79,1
23:54:49,4751729,30.2,40.0,86,1
23:54:52,4754094,30.5,40.0,86,1
23:54:54,4756644,30.8,40.0,87,1
23:54:56,4758713,30.8,40.0,79,1
23:54:58,4760824,30.8,40.0,87,1
23:55:01,4762914,30.8,40.0,86,1
23:55:03,4765450,30.8,40.0,86,1
23:55:05,4767521,30.8,40.0,86,1
23:55:07,4769591,30.8,40.0,78,1
23:55:10,4771717,30.8,40.0,86,1
23:55:12,4774257,30.8,40.0,86,1
23:55:14,4776328,30.8,40.0,86,1
23:55:16,4778583,30.8,40.0,86,1
23:55:18,4781016,30.8,40.0,86,1
23:55:21,4783080,30.8,40.0,78,1
23:55:23,4785536,30.8,40.0,78,1
23:55:26,4787790,30.8,40.0,78,1
23:55:28,4790248,30.8,40.0,78,1
23:55:30,4792502,30.8,40.0,78,1
23:55:32,4794559,30.8,40.0,86,1
23:55:35,4796800,30.8,40.0,78,1
23:55:37,4799343,30.8,40.0,86,1
23:55:39,4801477,30.8,40.0,86,1
23:55:41,4803569,30.8,40.0,86,1
23:55:44,4805812,30.8,40.0,78,1
23:55:46,4808252,30.8,40.0,86,1
23:55:48,4810333,30.8,40.0,86,1
23:55:50,4812572,30.8,40.0,78,1
23:55:52,4814828,30.8,40.0,86,1
23:55:55,4816887,30.8,40.0,86,1
23:55:57,4819310,30.8,40.0,86,1
23:55:59,4821723,30.8,40.0,86,1
23:56:02,4823840,30.8,40.0,86,1
23:56:04,4826274,30.8,40.0,86,1
23:56:06,4828351,30.8,40.0,78,1
23:56:08,4830597,30.8,40.0,86,1
23:56:11,4832941,30.8,40.0,86,1
23:56:13,4835489,30.8,40.0,86,1
23:56:15,4837564,30.8,40.0,86,1
23:57:58,4839629,30.8,40.0,86,1
23:57:59,4938438,30.2,40.0,77,1
23:58:01,4943264,30.2,40.0,85,1
23:58:03,4945330,30.2,40.0,85,1
23:58:05,4947404,30.2,40.0,86,1
23:58:07,4949473,30.2,40.0,78,1
23:58:10,4951725,30.2,40.0,85,1
23:58:12,4954276,30.2,40.0,85,1
23:58:14,4956336,30.2,40.0,85,1
23:58:16,4958586,30.2,40.0,78,1
23:58:18,4960662,30.2,40.0,85,1
23:58:21,4962796,30.2,40.0,85,1
23:58:23,4965327,30.2,40.0,85,1
23:58:25,4967394,30.2,40.0,77,1
23:58:27,4969654,30.2,40.0,85,1
23:58:29,4971716,30.2,40.0,85,1
23:58:31,4973776,30.2,40.0,85,1
23:58:33,4975839,30.2,40.0,85,1
23:58:35,4977940,30.2,40.0,77,1
23:58:38,4980089,30.2,40.0,77,1
23:58:40,4982222,30.2,40.0,85,1
23:58:42,4984392,30.2,40.0,77,1
23:58:44,4986646,30.2,40.0,85,1
23:58:46,4988895,30.2,40.0,77,1
23:58:48,4990959,30.2,40.0,85,1
23:58:51,4993078,30.2,40.0,77,1
23:58:53,4995244,30.2,40.0,77,1
23:58:55,4997789,30.2,40.0,85,1
23:58:58,4999852,30.2,40.0,85,1
23:59:00,5002394,30.2,40.0,85,1
23:59:02,5004459,30.2,40.0,77,1
23:59:04,5006688,30.3,40.0,85,1
23:59:06,5008756,30.6,40.0,77,1
23:59:09,5011042,30.8,40.0,85,1
23:59:11,5013172,30.8,40.0,85,1
23:59:13,5015912,30.8,40.0,85,1
23:59:16,5017983,30.8,40.0,77,1
23:59:18,5020228,30.8,40.0,77,1
23:59:21,5023079,30.8,40.0,85,1
23:59:23,5025148,30.8,40.0,77,1
23:59:25,5027583,30.8,40.0,85,1
23:59:27,5029651,30.8,40.0,77,1
23:59:30,5032193,30.8,40.0,85,1
23:59:32,5034274,30.8,40.0,85,1
23:59:34,5036800,30.8,40.0,85,1
23:59:37,5038872,30.8,40.0,77,1
23:59:39,5041303,30.8,40.0,85,1
23:59:41,5043374,30.8,40.0,85,1
23:59:43,5045441,30.8,40.0,85,1
23:59:45,5047668,30.8,40.0,77,1
23:59:47,5049779,30.8,40.0,85,1
23:59:50,5051974,30.8,40.0,85,1
23:59:52,5054636,30.8,40.0,77,1
23:59:54,5056698,30.8,40.0,85,1
23:59:56,5058815,30.8,40.0,85,1
23:59:59,5060981,30.8,40.0,77,1
00:00:01,5063358,30.8,40.0,85,1
00:00:03,5065423,30.8,40.0,85,1
00:00:05,5067540,30.8,40.0,86,1
00:00:08,5070181,30.8,40.0,78,1
00:00:10,5072243,30.8,40.0,78,1
00:00:12,5074414,30.8,40.0,86,1
00:00:14,5076556,30.8,40.0,86,1
00:00:17,5079090,30.8,40.0,78,1
00:00:19,5081174,30.8,40.0,85,1
00:00:21,5083696,30.8,40.0,85,1
00:00:23,5085821,30.8,40.0,86,1
00:00:26,5088052,30.6,40.0,78,1
00:00:28,5090171,30.2,40.0,86,1
00:00:30,5092245,30.2,40.0,85,1
00:00:32,5094372,30.2,40.0,85,1
00:00:34,5096437,30.2,40.0,85,1
00:00:36,5098564,30.2,40.0,85,1
00:00:38,5100822,30.2,40.0,85,1
00:00:41,5102976,30.2,40.0,85,1
00:00:43,5105223,30.2,40.0,85,1
00:00:45,5107472,30.2,40.0,78,1
00:00:47,5109627,30.2,40.0,77,1
00:00:49,5111774,30.2,40.0,85,1
00:00:52,5114034,30.2,40.0,85,1
00:00:54,5116463,30.2,40.0,85,1
00:00:56,5118546,30.2,40.0,77,1
00:00:58,5120609,30.2,40.0,78,1
00:01:00,5122729,30.2,40.0,85,1
00:01:02,5124801,30.2,40.0,85,1
00:01:04,5126859,30.2,40.0,85,1
00:01:06,5128960,30.2,40.0,85,1
00:01:09,5131028,30.2,40.0,85,1
00:01:11,5133461,30.2,40.0,85,1
00:01:13,5135528,30.2,40.0,78,1
00:01:15,5137966,30.2,40.0,77,1
00:02:27,5146563,30.2,40.0,85,1
00:02:27,5153626,30.2,40.0,85,1
00:02:27,5160689,30.2,40.0,86,1
00:02:28,5210134,30.2,40.0,77,1
00:02:30,5212284,30.2,40.0,86,1
00:02:32,5214355,30.2,40.0,85,1
00:02:34,5216421,30.2,40.0,78,1
00:02:36,5218717,30.2,40.0,86,1
00:02:38,5220922,30.2,40.0,77,1
00:02:41,5222996,30.2,40.0,85,1
00:02:43,5225245,30.2,40.0,85,1
00:02:45,5227306,30.2,40.0,86,1
00:02:47,5229426,30.2,40.0,86,1
00:02:49,5231495,30.2,40.0,85,1
00:02:51,5233724,30.2,40.0,85,1
00:02:54,5235792,30.2,40.0,85,1
00:02:56,5238315,30.2,40.0,85,1
00:02:58,5240385,30.2,40.0,85,1
00:03:00,5242448,30.2,40.0,85,1
00:03:02,5244509,30.2,40.0,85,1
00:03:04,5246646,30.2,40.0,85,1
00:03:06,5248986,30.2,40.0,85,1
00:03:09,5251055,30.2,40.0,77,1
00:03:11,5253117,30.2,40.0,85,1
00:03:13,5255182,30.2,40.0,85,1
00:03:15,5257280,30.2,40.0,85,1
00:03:17,5259346,30.2,40.0,85,1
00:03:19,5261482,30.2,40.0,85,1
00:03:22,5263725,30.2,40.0,77,1
00:03:24,5266269,30.2,40.0,77,1
00:03:26,5268329,30.2,40.0,85,1
00:03:28,5270881,30.2,40.0,85,1
00:03:30,5272959,30.2,40.0,85,1
00:03:33,5275027,30.2,40.0,85,1
00:03:35,5277149,30.2,40.0,85,1
00:03:37,5279399,30.2,40.0,85,1
00:03:39,5281935,30.2,40.0,85,1
00:03:41,5283997,30.2,40.0,77,1
00:03:44,5286064,30.2,40.0,85,1
00:03:46,5288301,30.2,40.0,77,1
00:03:48,5290457,30.2,40.0,85,1
00:03:50,5292536,30.2,40.0,85,1
00:03:52,5294666,30.2,40.0,85,1
00:03:54,5296732,30.2,40.0,85,1
00:03:56,5298860,30.2,40.0,85,1
00:03:58,5300927,30.2,40.0,85,1
00:04:00,5302996,30.2,40.0,85,1
00:04:03,5305053,30.2,40.0,85,1
00:04:05,5307118,30.2,40.0,85,1
00:04:07,5309196,30.2,40.0,85,1
00:04:09,5311257,30.2,40.0,85,1
00:04:11,5313395,30.2,40.0,85,1
00:04:13,5315463,30.2,40.0,85,1
00:04:16,5317603,30.2,40.0,85,1
00:04:18,5320231,30.2,40.0,85,1
00:04:20,5322295,30.2,40.0,77,1
00:04:22,5324847,30.2,40.0,85,1
00:04:25,5326922,30.2,40.0,85,1
00:04:27,5329264,30.2,40.0,85,1
00:04:29,5331522,30.2,40.0,85,1
00:04:32,5333763,30.2,40.0,77,1
00:04:34,5336410,30.2,40.0,85,1
00:04:36,5338474,30.2,40.0,77,1
00:04:38,5340821,30.2,40.0,85,1
00:04:40,5342900,30.2,40.0,85,1
00:04:42,5344970,30.2,40.0,85,1
00:04:45,5347031,30.2,40.0,85,1
00:04:47,5349132,30.2,40.0,85,1
00:04:49,5351191,30.2,40.0,85,1
00:04:51,5353255,30.2,40.0,85,1
00:04:53,5355320,30.2,40.0,85,1
00:04:55,5357811,30.2,40.0,85,1
00:04:57,5359875,30.2,40.0,85,1
00:05:00,5361993,30.2,40.0,85,1
00:05:02,5364276,30.2,40.0,77,1
00:05:04,5366729,30.2,40.0,77,1
00:05:07,5368985,30.2,40.0,77,1
00:05:09,5371431,30.2,40.0,85,1
00:05:11,5373497,30.2,40.0,85,1
00:05:13,5375749,30.2,40.0,85,1
00:05:15,5377816,30.2,40.0,85,1
00:05:17,5379951,30.2,40.0,85,1
00:05:20,5382010,30.2,40.0,85,1
00:05:22,5384536,30.2,40.0,85,1
00:05:24,5386603,30.2,40.0,77,1
00:05:26,5388667,30.2,40.0,85,1
00:05:28,5390728,30.2,40.0,85,1
00:05:31,5392855,30.2,40.0,85,1
00:05:33,5395803,30.2,40.0,85,1
00:05:36,5398072,30.2,40.0,85,1
00:05:38,5400327,30.2,40.0,77,1
00:05:40,5402387,30.2,40.0,85,1
00:05:42,5404458,30.2,40.0,85,1
00:05:44,5406587,30.2,40.0,85,1
00:05:47,5409113,30.2,40.0,85,1
00:05:49,5411178,30.2,40.0,85,1
00:05:51,5413254,30.2,40.0,85,1
00:05:53,5415315,30.2,40.0,77,1
00:05:55,5417432,30.2,40.0,85,1
00:05:57,5419965,30.2,40.0,85,1
00:06:00,5422035,30.2,40.0,85,1
00:06:02,5424288,30.2,40.0,85,1
00:06:04,5426361,30.2,40.0,77,1
00:06:06,5428494,30.2,40.0,85,1
00:06:08,5430550,30.2,40.0,77,1
00:06:10,5432675,30.2,40.0,77,1
00:06:13,5435120,30.2,40.0,85,1
00:06:15,5437180,30.2,40.0,77,1
00:06:17,5439332,30.2,40.0,77,1
00:06:19,5441495,30.2,40.0,85,1
00:06:21,5443563,30.2,40.0,85,1
00:06:23,5445711,30.2,40.0,85,1
00:06:25,5447840,30.2,40.0,84,1
00:06:28,5449997,30.2,40.0,85,1
00:06:30,5452539,30.2,40.0,77,1
00:06:32,5454648,30.2,40.0,77,1
00:06:35,5456752,30.2,40.0,84,1
00:06:37,5459492,30.2,40.0,85,1
00:06:39,5461563,30.2,40.0,85,1
00:06:41,5463626,30.2,40.0,84,1
00:06:44,5465760,30.2,40.0,84,1
00:06:46,5468295,30.2,40.0,84,1
00:06:48,5470365,30.2,40.0,76,1
00:06:50,5472800,30.2,40.0,84,1
00:06:52,5474869,30.2,40.0,84,1
00:06:55,5476988,30.2,40.0,84,1
00:06:57,5479169,30.2,40.0,84,1
00:06:59,5481233,30.2,40.0,84,1
00:07:01,5483294,30.2,40.0,84,1
00:07:03,5485353,30.2,40.0,84,1
00:07:05,5487420,30.2,40.0,84,1
00:07:07,5490004,30.2,40.0,84,1
00:07:10,5492067,30.2,40.0,76,1
00:07:12,5494613,30.2,40.0,84,1
00:07:15,5496675,30.2,40.0,84,1
00:07:17,5499220,30.2,40.0,84,1
00:07:19,5501291,30.2,40.0,76,1
00:07:21,5503543,30.2,40.0,84,1
00:07:24,5506079,30.2,40.0,84,1
00:07:26,5508143,30.2,40.0,84,1
00:13:20,5862531,29.8,41.0,84,1
00:13:22,5864610,29.8,41.0,84,1
